id,logintimestamp,userid
4c30153c-03bb-45b6-9177-6f8e191ff79c,2023-10-01,1
047ff70d-0b4e-40ab-8fbf-d7ae03192d94,2023-10-02,2
614286ed-3a70-484b-af50-06a2a0303663,2023-10-02,1
0055607e-799d-4b45-bfd7-903b47d3c06a,2023-10-02,3
8f6b4eb9-b90f-42d5-80eb-480f06ba8821,2023-10-02,2
a4e05c96-1f76-420a-b47c-cf21b21363a4,2023-10-02,3
f41be731-404d-4f60-a1d1-528050dd1b89,2023-10-02,3
d30c8123-9866-4876-9ef0-4eecef243565,2023-10-02,3
d6ddf840-1e9b-4709-8881-e703d1515d9d,2023-10-02,3
54cfea4a-4def-4dc2-825e-42a97bb3057d,2023-10-02,2
6d7710e6-9461-48e5-9783-93288617a036,2023-10-02,2
cc9d9c1f-13da-470d-a419-2595fc47fb2b,2023-10-02,1
7599cba6-eba7-4e71-b0e2-4ebebb4288d1,2023-10-02,1
71ea821d-c3b6-4fc8-bff7-38c2ea2ee2f6,2023-10-02,1
189ca7d5-8762-49de-b5ed-f9b44e6a0baf,2023-10-02,1
94583f4c-8c45-43b6-a54c-dd3b5dec8c26,2023-10-02,1
483d2e14-7acf-4584-a5ef-acf121b4c971,2023-10-02,4
a2ce0cbd-cf41-4c9a-a35a-f6096e724fcb,2023-10-02,1
49e34347-62c9-47f9-9d51-7f1f6dfd79b1,2023-10-03,2
4bfcfa82-7790-4efb-82a2-560bb3d7d5db,2023-10-03,1
7eb60ee5-44b4-4b6b-b1f9-798fa61115c7,2023-10-03,3
b3a58f9e-7173-4008-aea0-48740fcda708,2023-10-03,1
c1e40ea1-b684-4e15-b9dc-03a620f8ecd0,2023-10-03,4
7db70293-d3c1-4a84-b957-e130bc6dfc0b,2023-10-03,2
e3cfa82a-a1c8-43cd-bfd1-f07ec025a071,2023-10-03,1
15fec613-c20d-4860-9f9e-49a198a9881a,2023-10-03,3
daba1cea-e7ae-477f-a513-e06d47144b92,2023-10-03,4
d58b45b9-29cb-47d4-93c4-4241686d0c56,2023-10-03,4
6497df64-7996-40f1-a73d-1145b286da5d,2023-10-03,4
d63eb860-26c4-4942-a621-ad84cd5679e8,2023-10-03,3
7c34d0b7-2268-4c1c-aecd-006f838e83f7,2023-10-03,4
70f58285-553e-422e-9336-e7725358ed4a,2023-10-03,3
38409fbd-ff8e-472e-9830-09465ed47b0d,2023-10-03,2
692d212b-d70d-479f-a684-993e43c874a2,2023-10-03,3
badc149d-c58f-4695-8c30-60ed84841dfe,2023-10-03,3
27541e97-3446-4cc3-b386-6a6603cca698,2023-10-03,2
924b8fd2-a696-4365-ae45-09865300aa7d,2023-10-03,4
0bf3f1c4-b899-48dc-81a8-90d4a2f02d6a,2023-10-04,4
8d0f51bc-f65e-44ac-aced-2659281f265f,2023-10-04,3
9e699100-7102-4bab-bfb6-3507a9353b04,2023-10-04,3
850f6173-9a6e-4104-952f-05cd0044724e,2023-10-04,2
433616c0-e920-435f-a51b-379fcea3e22c,2023-10-04,3
19406591-732f-4d76-9be2-30d5c1c96d7b,2023-10-04,4
40a39be1-c2fd-418d-af41-e2b8d0e36708,2023-10-04,3
9826a9d7-b483-4095-bcb3-599770c60385,2023-10-04,3
1f26bce7-c393-4e3b-8c1a-987573346034,2023-10-04,1
81f2f22a-14f8-4348-852a-293c00b3a467,2023-10-04,4
8ba235c8-dba7-4ed8-83e6-278aca0fb8c9,2023-10-04,4
7b03081e-7d18-4dc6-be62-176283402750,2023-10-04,4
ac4e2ef9-296e-4a22-8b45-dc3e53d24042,2023-10-05,2
69f32a60-93c6-416e-874b-4cc58ac8e7d9,2023-10-05,2
898fe3e7-fd58-4420-90ac-a10a867d89e1,2023-10-05,3
7e7340da-082b-4c5e-83f7-2282d360e8d9,2023-10-05,2
737724dd-ccdf-4dab-9745-008543bfa5f2,2023-10-05,2
2bbc7964-804d-40aa-95ea-31e34847ed85,2023-10-05,2
7e19cac7-8860-4914-a5c3-a6e0a22359c2,2023-10-05,1
52eeb149-5d25-4b07-b497-bd1fd6a92bf3,2023-10-05,2
88ac0463-734b-4973-a5d7-746abe5df0c8,2023-10-05,2
b20397b9-5aab-49ff-bbe5-033aed4392b5,2023-10-05,4
78a35b5a-54e1-41df-88ea-6d331719f7e4,2023-10-05,4
b9ca440c-3226-446c-a316-7dde7a706a5a,2023-10-05,3
c86ec322-9fc1-4918-a6b9-5ed0ce86e3b4,2023-10-05,4
5baa8776-faab-4004-83f0-4e2e44bd1ee9,2023-10-05,1
8a910d5b-db0f-4e7a-8b86-7d07c3930d56,2023-10-06,3
b2cee95c-d42a-4c53-97f3-7f0860fad0f5,2023-10-06,4
01a6da66-d322-4953-998d-c0943de78836,2023-10-06,2
60ab3bc5-7b3b-4e18-a6a9-565748bb177f,2023-10-06,2
cd2ab951-4a24-4e58-a7b4-6ded008c492a,2023-10-06,3
ea8f7649-fb0e-496f-92aa-52c0947c6d78,2023-10-06,4
e86b669a-f0ce-400e-9dfb-ad3b216f7665,2023-10-06,2
3a4dde3b-b1be-4764-9882-aa61404ea96f,2023-10-06,2
a66a0805-56c0-4316-89b5-d3d4fe5a723f,2023-10-06,1
344059da-d880-498d-a128-745243819ee0,2023-10-06,3
f8b42800-9b6a-49a4-b05c-3cb1ad4d4a79,2023-10-06,2
4f9c3421-114f-43cf-83fe-7b0b74f56fa7,2023-10-06,1
834ef79d-301c-4925-b069-5d5d3a5eaec2,2023-10-06,3
8d58a64a-c7f7-4ae4-b8dc-ff0a3649aa5a,2023-10-06,3
03ccedab-3f8a-46a5-8f7d-6065dc6ff922,2023-10-06,3
752a57f2-aee1-4e21-8c1a-626c168f1234,2023-10-07,3
b2eda3ff-bbc2-4be0-9caf-440368b04bbe,2023-10-07,1
17b70440-fbd9-4aa5-89b2-d8ae52f442d2,2023-10-07,3
6b0e816c-17ef-4925-8d47-c4b6670b7c95,2023-10-07,4
cac397eb-b707-4930-9ee0-785ca9b1784f,2023-10-07,2
ab03b9d3-a4eb-4a9c-a425-d17ccad33d0a,2023-10-07,3
bc10765d-7943-4101-b1b5-30ced633916b,2023-10-07,4
f715b4b4-4801-48eb-bb73-9609f4b87f37,2023-10-07,4
8b7af0bf-5e80-4a0d-94a4-9df12967de69,2023-10-07,2
3b514dab-c217-4865-a312-6f47c41044a4,2023-10-07,1
a37d2f39-77b8-4b8a-95fe-a730a955322c,2023-10-07,3
402a4371-e667-4245-ba8c-4f31ab81d8b7,2023-10-07,3
c82c5af0-d80d-4753-ac50-58f219c9aba3,2023-10-07,4
3645b9f5-a5e7-47c6-b919-451c0e35a2fd,2023-10-07,2
4e1ed3ce-d7b4-4900-a44b-5f428a4c4bf2,2023-10-07,1
c452ba46-5ff2-41cb-a1fd-dad5c3713a0e,2023-10-07,1
c20a094f-b348-4ba0-92b3-1f204a64185a,2023-10-07,1
42e48bd2-d021-44a5-b51b-2c38ff4bad03,2023-10-07,1
ca7d894e-83a9-4941-88dc-83ad1f2e7328,2023-10-07,2
df3f09e3-765f-4ca1-ba50-369a1f7369d1,2023-10-07,2
82f7cef9-f825-40de-ad28-dc6bdd9c67d9,2023-10-07,1
c185eeaa-5c3d-4b58-8d60-78adc679bd97,2023-10-07,2
c37cc74e-1f61-4e56-92db-519fc137181e,2023-10-07,4
5d2fcee1-bf43-40a2-9dab-103632c2329f,2023-10-07,4
edb95c6a-ed53-430c-ad8c-56ff452d2da0,2023-10-07,3
8bc17aff-3da0-42e9-94ba-954d1e14b209,2023-10-07,3
e7d804e3-2a43-46ad-993d-bb50be0c29b4,2023-10-07,1
a7826454-89f5-4dd0-ba80-9e1931e7eb35,2023-10-07,3
922fabf5-134b-4aea-934e-accc2d0462df,2023-10-07,1
0a915113-0ccc-4ad6-b72e-ed69967b7296,2023-10-08,4
e05ec67e-e68b-42b3-80db-e935f4bc6948,2023-10-08,2
4e0542d5-8527-49d0-bdc8-ef2c3ed92f9b,2023-10-08,3
b5a089cd-c8a1-4054-9e40-b19acbd353ba,2023-10-08,2
37f6b7f6-5241-4b79-a4dd-98de3d90a956,2023-10-08,1
3d02e081-29f0-4540-b50d-7276e9d475c5,2023-10-08,4
bea9382d-4a9a-42fe-8ac4-4bb0ab790f9c,2023-10-08,2
64e3e10a-d7d5-4d6c-adc8-cfb657d6fd9d,2023-10-08,2
3698b56c-c075-4863-b643-175048b2fbb2,2023-10-08,3
3eeabb32-bba2-436e-8858-36ff5f2d1637,2023-10-08,4
c92c2ac0-6caa-4349-aa2d-cfd46508a583,2023-10-08,4
bda55004-c18c-4cf5-8675-8f04ef0b39d8,2023-10-08,1
5385b43a-3161-4cb4-928f-3139e6f718a3,2023-10-08,1
3bc1dc57-9e3b-4d06-96d9-c33fefc084d8,2023-10-08,1
20ab3875-1107-4de9-a754-1a9c7c546e71,2023-10-08,1
6aa1b44e-0916-4474-b4ba-3959db4a8893,2023-10-08,2
365b073a-2440-4a8b-8053-b11d79b2a8cb,2023-10-08,4
19b170ef-52b4-4e51-a865-597bc269f878,2023-10-08,3
2336654c-b362-4a26-a1b8-6c75538c4fc9,2023-10-08,2
5b35c287-91d4-4026-8dc7-82c4e2fca8b0,2023-10-08,4
14a56f94-d7fb-4654-bf9f-0d73fcc305d9,2023-10-08,4
fe3a13e0-b299-4722-b8c5-6454b3f91ee3,2023-10-08,4
157787c2-ba0a-4dcb-8519-635b2d356ce5,2023-10-08,2
56f7604e-f99f-474d-ad10-e242194e3595,2023-10-09,2
006effbc-4a1a-49b5-850d-93e2cc5fbc81,2023-10-09,3
da09d3ac-25d6-42f4-a4ad-96ea319933f7,2023-10-09,4
ef049d85-416b-493f-949e-d6a2ad8dab02,2023-10-09,2
d67a0301-4851-4819-81de-637041456e00,2023-10-09,3
a3a9713f-a143-4d74-a0ee-965ed9ee46b8,2023-10-09,4
0aaf95e8-1726-4ab3-b317-ba2a56fae35e,2023-10-09,3
a0d392d1-5419-4a96-8c76-0df0c2eef236,2023-10-09,3
45ca9922-bddd-41cd-979d-c8399184c5db,2023-10-09,1
495668b4-fb7f-4465-8631-3a065c1de90c,2023-10-09,3
62aa6147-275f-4196-a6ee-194517e4ba95,2023-10-09,2
a1ca73c2-8a50-405f-83c6-e5048aa4261d,2023-10-10,3
67537a12-a62e-4a9e-89e0-260f83174626,2023-10-10,1
d8886cee-78fa-41c6-b944-470486dd1e01,2023-10-10,1
c6c882b8-87c8-4cce-8767-05c81c23a029,2023-10-10,4
89728684-3895-4af1-87ba-f496fe8b7c50,2023-10-10,1
02508967-63c3-4ab7-82fc-04cb4f282ce3,2023-10-10,4
3a20bd35-c052-4ebf-8566-0c6c3ca0f645,2023-10-10,2
09d7750d-7103-4082-b327-3222a3e04deb,2023-10-10,1
e65abb44-01b3-49ee-b55e-1e023b153efa,2023-10-10,1
f7a901be-b67c-4cdd-994c-85c11ebc372d,2023-10-10,1
2a57b736-e107-4093-94dd-cbf31a533f52,2023-10-11,3
eff8f479-44d2-42d6-8b37-393c6c85c9fa,2023-10-11,4
43feaeea-60de-4af2-b5d9-a0509e37a128,2023-10-11,4
ddab8c56-073d-4fa7-a8de-eceb7ae29336,2023-10-11,3
de7ea143-5fab-466c-9ce0-8ae260587d0f,2023-10-11,1
e51dc738-cdbc-495b-98f2-68e3defed185,2023-10-11,4
6545dc77-19b6-4658-91d4-c945199c5bf3,2023-10-11,2
a91af62d-6d0c-43cd-af50-121aa8ee5836,2023-10-11,4
bea90649-16a9-4128-a2d0-8cf64439fcbb,2023-10-11,3
f46063cc-26dc-481d-acdd-a7b900380ba2,2023-10-11,2
f3737768-05c1-41af-b6d5-4ae73254d765,2023-10-11,2
d3af120d-e0c2-4049-9eae-931d374b9c9a,2023-10-11,3
ab306a21-0074-4b93-8c88-9e1720dc4d5d,2023-10-11,3
dfcf9c07-258e-4c95-afc1-70e557221273,2023-10-11,4
8058c438-8bff-4147-9b61-0c78f8132b00,2023-10-11,4
88c5839a-6336-497e-b2c9-cf072e4d6943,2023-10-11,4
fe4c6103-bd1a-438c-9da7-91afc9810d06,2023-10-11,1
bf1c9e4f-09b0-424f-999c-6bdee570226e,2023-10-11,3
99a56c7f-50ff-4444-8243-a5fca7acd01c,2023-10-11,1
9c30cf85-6fb0-41db-9c59-9647228fbc28,2023-10-11,2
3bcc5f03-f830-4a86-8304-644f38abd2d6,2023-10-11,1
2e79a4d7-87cb-4a5f-80df-b92538fe59e4,2023-10-11,3
3f31b3b9-6f62-4f75-9450-e9f6f0b52bbf,2023-10-11,1
22072de3-6c9e-4ceb-bcca-03f61473ae77,2023-10-11,2
8963f77b-2d11-413c-b835-e7343a3b7b42,2023-10-11,3
92b0e30c-be62-4fff-ba91-5e2019335e5e,2023-10-11,3
53ac2352-c8a5-43bf-be81-0fc0625966b4,2023-10-11,3
0f4e0807-3708-4f1d-92c7-a1e69314b7b8,2023-10-11,3
36acc4be-c04f-42ce-a2b2-aa00ba871e4c,2023-10-12,2
4b83fa07-2d7a-4ae6-bd76-96e562b38a94,2023-10-12,2
e9aba1f0-de86-49b7-a8e1-7765fda0d1ac,2023-10-13,4
859e545c-4e53-4df2-9eb3-daeb7194869b,2023-10-13,2
94ff4cf5-f60d-495a-beb0-3050ba256a10,2023-10-13,4
3faf573c-3f49-49a3-8f34-d60e2e57badf,2023-10-13,1
0d9b441f-3f72-4f7a-8fba-0402cbd8e595,2023-10-13,3
34f45b72-8727-4e70-a0ca-5a601d9a8daa,2023-10-13,4
436c74c2-a5ba-4791-9d95-fe5507327c51,2023-10-13,1
8b80e382-7676-4ee9-8a26-b98ef6398c49,2023-10-13,2
ed91fc55-5dc8-40b0-835c-db51656039f4,2023-10-13,2
5abb33c9-4372-4107-86e9-1be49d36e77c,2023-10-13,4
48f92ddb-8209-4f7b-9173-babc98d90720,2023-10-13,2
bbcbcc46-127a-46bc-8198-fe229761feb2,2023-10-13,2
6368ae3c-5fab-4592-b21f-21358a88cd0f,2023-10-13,4
b1a773a1-985c-4b49-a6c3-79051036be2c,2023-10-13,4
57f6c5a5-9478-4af7-af05-e07139628f10,2023-10-13,1
5db9a710-c486-4a0d-8ac5-a1883d825924,2023-10-13,4
3de6e25e-5bbe-4db5-9bb8-fd1825c682c9,2023-10-13,2
1e6c1a01-b97b-4b0e-b978-7a60688d4abf,2023-10-13,1
a7ba68ce-a528-45e5-9670-c666ab01c234,2023-10-13,3
41a131fa-cf76-410c-bfe6-2e332a77222c,2023-10-14,3
2d199998-8bf0-49be-a45e-f07dc44d082e,2023-10-14,3
8f3f4284-e9a4-4195-813f-5d14043b2828,2023-10-14,2
531a7c2d-a664-48ac-8cbd-0d008d5948eb,2023-10-14,3
260e7179-5ee3-430e-8b35-a98213ac4023,2023-10-14,4
dbf91306-ce2a-4681-8efa-b1c32e310a63,2023-10-14,4
28203875-64b7-401b-aaa3-84ac305de5cb,2023-10-14,2
a0ba9361-ccb4-4442-869a-a7bb071867c2,2023-10-14,3
ce2a174d-262d-4489-821d-53b349cdfcce,2023-10-14,1
49027d91-f9f7-4c50-ad95-8d1b71fbd731,2023-10-14,1
21523be5-89fa-47be-b506-f5b64b4a5bdd,2023-10-15,2
adff7c09-eb52-4346-8ec4-e67a131c1203,2023-10-15,1
ffde599a-81c4-4623-ac78-b807e98fedd6,2023-10-15,3
dbadef7e-2bc0-4c50-808f-01a1033a1816,2023-10-15,4
55b51efa-facc-40b7-90c4-4fbee8cb255b,2023-10-15,2
df4a8eb4-7982-4ab8-a23f-2928a453ee3d,2023-10-15,3
93f3da18-f91d-44bc-a4f6-998c99649150,2023-10-15,2
49171cc7-4789-4629-b106-101a35b78499,2023-10-15,2
9685f352-b267-47ea-8bd8-2c940c864ebe,2023-10-15,2
a94a50a7-5bd9-40c8-b201-0de3d35182ea,2023-10-15,4
cbc0be56-9fd0-4dec-984e-f063cc589006,2023-10-15,3
9aacb983-f445-471e-84f6-dcbf6d854ed7,2023-10-15,4
f7a9e5a8-e3b7-4bb2-8bcb-5f3d039ab785,2023-10-15,4
0d6c24f8-d4aa-4e5c-a574-6ba362bb0fe4,2023-10-15,2
75772bb6-7290-4c9a-92e0-bb3c6f997a53,2023-10-15,4
46ac6e84-3e12-4ff6-8607-e81000b7b8a0,2023-10-15,4
9f795607-d969-43d0-b946-1b5392197fa9,2023-10-15,3
71a2f07e-517d-4bbc-b862-e00106e8119f,2023-10-15,4
470bbfd5-8258-42af-9ad3-433e704d8e3a,2023-10-16,1
ea34dbf5-b8fb-408d-aaa2-1670cec789c2,2023-10-16,1
bba01401-1a66-436e-996e-4d3db662b60e,2023-10-16,2
98fadcf7-431d-4da2-985b-a5f2dfc50fe5,2023-10-16,4
5b37c7b2-f928-47e1-9abd-2226bdf5a839,2023-10-16,1
25c50afd-f7c1-45d2-adab-3c22d4510086,2023-10-16,3
f1f95693-e322-4e7d-8f45-b58624a6459e,2023-10-16,1
247677bf-c493-4b7b-a939-efc374e4a011,2023-10-16,3
7615894b-10cd-476c-b9e6-6b76e10f4400,2023-10-16,3
a19c7cd6-b47c-4ca8-920f-fa8bc033e532,2023-10-16,4
00ced21e-d797-4af6-a01d-2f4b94730da9,2023-10-16,2
d3bcc996-8644-409d-a2be-34b8d4558d10,2023-10-16,3
0322fdfb-17b4-41b8-a551-f8abbca65278,2023-10-16,3
793e444b-c1ff-47ec-9313-e2b89183cf38,2023-10-16,2
d69fdd1d-2a90-4b1b-9250-44b5c334fc9e,2023-10-16,1
ede60226-3a23-4ac9-8504-5130617bcf85,2023-10-16,4
f7f798ce-3be2-4104-8a37-fd72fedb9535,2023-10-16,1
b5c9ebb4-8ea8-47cd-9676-3d106b8de84c,2023-10-16,4
74ba2e23-5fb0-4b26-9c8d-5d3558ab48ef,2023-10-16,1
f30647db-bcf0-4487-a076-6cbed8d6a420,2023-10-16,4
ecfdef72-b979-435c-b932-66b3c79f5f1d,2023-10-16,3
47f5e094-d0a2-4e9a-a1c8-3ba987779fef,2023-10-16,2
5737140b-cafa-412a-890e-5a0110482d80,2023-10-16,4
0f972b41-52e0-4c9f-8fb1-9274d9bbcf4d,2023-10-17,3
d0bf9e70-ca8e-4fdf-aa45-301ecd76809b,2023-10-17,4
14276518-cb0d-4bf5-bdd7-59591f2beacb,2023-10-17,3
aa31bdb3-c81f-4021-b294-7b5ea4ffaf9c,2023-10-17,1
d92bbe25-f26d-4d08-bd4a-a5c6a581a833,2023-10-17,1
3103e29b-064c-41cf-9c0c-0fa634452665,2023-10-17,1
6f6dc01b-6c30-45bc-8ae2-529e029dd8f5,2023-10-17,4
71202fd5-c4f7-49a7-9c5c-419997f53d95,2023-10-17,2
58a7c601-bfcb-40b1-b1f8-ce65c9d508b3,2023-10-17,2
58d7e4c8-7303-4696-aa39-c3953184d35d,2023-10-17,2
1f70b349-b6a2-4180-b2ea-f0983f027316,2023-10-17,2
10fd86a5-17db-446f-89dd-8f0e3664652e,2023-10-17,4
d47db99d-d45b-4f9d-8b51-31118d14e5b3,2023-10-17,2
431147e0-b797-4638-ab73-65eeb4c2c845,2023-10-17,4
414548cb-9e7e-4d0b-8f4f-34a934c6cace,2023-10-17,3
f1030a62-3843-421c-941a-1642e01031d9,2023-10-17,4
da90e2db-07eb-4b75-a4f2-ab1d2aa2b3df,2023-10-17,3
11d571ae-50f9-4de1-8a65-f6d91a5c23a7,2023-10-17,4
eb504b9e-966d-407c-9768-a07c553ee0e5,2023-10-17,1
74c31724-c07c-440e-a6de-6363b1831c19,2023-10-17,4
c46d7085-4f29-4627-acc8-47bbb9c67664,2023-10-17,1
dc40c40c-e31e-4d2d-a1fd-f2d3dc55a2e7,2023-10-17,1
78db0b4d-08c0-4213-b636-09dc1954ad2b,2023-10-17,2
264ff934-cb0b-4ea4-9352-1b3672bb68f9,2023-10-17,3
f31de532-68d9-4077-bff0-508348e3e966,2023-10-17,2
dd9f3d9c-6e3c-411b-bb61-d86652174039,2023-10-17,4
8ea2db25-cebf-4d8f-9ef9-644c43daf8de,2023-10-17,4
9ce08653-e71b-4608-a88b-f057d277275a,2023-10-18,2
68fedd0b-6e3d-4c22-b7b8-20dd143d7662,2023-10-18,4
dfdc0c8d-9f2e-4768-8b42-eba96e0d2359,2023-10-18,2
ace92814-8423-44cd-b8a4-6c1876d3eb1c,2023-10-18,2
09352965-a8f4-455a-b7ea-71a707e69714,2023-10-18,2
1c5db31f-a4ce-4e66-b607-eab1e26e71e6,2023-10-18,2
359f27b0-e9aa-4506-ad6e-f189c8ba2a06,2023-10-18,2
a361441b-7b97-4428-9fc7-7dfbf517f56d,2023-10-18,4
b9385f70-bb58-4f2b-a318-4499cc9792ce,2023-10-18,1
f8009c92-94e2-4f15-877f-8f734bd07af1,2023-10-18,2
25a1da89-e3b7-472c-a593-18b90709a8bc,2023-10-18,4
3aa14bdf-1541-47b7-9283-f5bf7b1f4111,2023-10-18,1
f35fdfa2-22f0-4503-b3c7-e5d3ee1495be,2023-10-18,3
107f73f4-c557-43df-a823-30deeb4fd71b,2023-10-18,1
134717d1-857c-4ee4-9473-d7dff77ed6e9,2023-10-18,3
d93a50f4-e315-443e-bcb4-29af8eb1494b,2023-10-18,1
8254a404-3089-4d40-899e-93b3753c688c,2023-10-19,4
1a54a822-26ec-4004-a9c4-bf6d383a1338,2023-10-19,2
1d9b376a-914d-4ef2-814e-fe8feeaef100,2023-10-19,4
8e6c4aab-d5b9-470d-bc7e-747a40ec278d,2023-10-19,1
d26f93c3-2155-4037-952c-5a0f7a9ca6f8,2023-10-19,3
f7e35e72-1ae2-4807-88dc-2d726561b432,2023-10-19,4
e612e75d-cd18-4809-b23a-13918eb864de,2023-10-19,2
4a8c67c0-b097-4fe6-bee4-dfa00e175523,2023-10-19,1
dfa63ba9-6976-4a0d-acd6-655a68f9b65e,2023-10-19,4
bce0e4dc-d736-4a30-b287-d8bd2344bf09,2023-10-19,4
dca5dd64-f2f2-4df4-b609-cd15a6d4ad47,2023-10-19,2
5dc12930-0646-4015-a1fa-683f417ff185,2023-10-19,2
099422f6-9b5d-4557-92ec-f51bef44ed1b,2023-10-19,4
b82bc263-203b-4dfd-99f3-0fc493a1a9f9,2023-10-19,3
fbe8dd52-2113-4858-9c6b-bf4c2b917057,2023-10-19,1
fb05e6ac-6103-44d6-bb16-e6f37122f34b,2023-10-19,1
52d6a504-0421-4ddd-b79c-1098450f9be0,2023-10-19,1
0afc609b-dd36-4814-8616-cd7d0261a6a4,2023-10-19,1
71bb9696-8324-47a1-8f50-cd49e767e231,2023-10-19,1
01fca730-2734-455f-9da0-c39f217efcd5,2023-10-19,1
856a2606-c339-4a10-8b1b-3f2d042c17f3,2023-10-20,2
176feb27-271e-4b71-8f8e-fb9e7fcca771,2023-10-20,2
9369628f-3340-46b4-a500-1c567362d049,2023-10-20,3
485303ef-561c-481f-8d1a-1d0320005203,2023-10-20,2
cd923a80-b453-46ae-977d-801af31673d7,2023-10-20,2
07416a0e-ce95-484c-8579-44344524e25a,2023-10-20,4
ab5a1171-fb36-44b1-be04-a0930e62d729,2023-10-20,3
58bd62c4-d366-47e6-9c43-f1ab47933b39,2023-10-20,4
0a8fc9dd-554e-4259-895b-24a33f042672,2023-10-20,1
1535771f-d60d-4432-8461-5427eeeed6ca,2023-10-20,3
4a23d92c-29f2-472c-b22a-e61060ed5f9f,2023-10-20,1
d72f6529-eb4a-4a5e-a9f9-998d6011dd11,2023-10-20,2
56d08a37-8953-4f91-b05f-c2c09af9fca4,2023-10-20,3
6ec51cba-d349-4882-9c4e-d5c5ba28bf67,2023-10-20,1
848ce178-67f0-414d-9617-d9d175293398,2023-10-20,4
fe113e3e-4855-4417-a049-035dd555a057,2023-10-20,4
f12cf821-0a1b-45e3-b2c1-3bcfdd39381c,2023-10-20,1
69ff8ad1-e184-4132-9dcf-be07150e7196,2023-10-20,4
ebe5b9fe-7a5a-4bfb-aaa6-647059d99fc3,2023-10-20,2
95ba1ecc-e508-4da5-8595-7bc6239cf9b4,2023-10-20,3
ffb5cce4-3327-4bd3-977a-685a48c78c27,2023-10-21,2
14cd2330-de83-4f14-a6e1-33b6d1282805,2023-10-21,1
cc9061e1-8eb8-46f8-81e1-5f06419ff3e1,2023-10-21,4
9b1fc7f4-f90a-4bf2-be70-31d52635dfce,2023-10-21,3
2343ece8-bdeb-4268-875b-2449cb909c9e,2023-10-21,1
bf1b8e75-a3b9-402c-a8bb-a5bf76f7f165,2023-10-21,4
488eb204-c833-4b9b-bc58-3275773d6403,2023-10-21,2
a0e55415-b400-4a4c-a39e-abe2e56db90b,2023-10-21,2
ed7e6090-d776-47ba-9cfc-712efaf07fc5,2023-10-21,3
a55f8e70-7c45-4a2c-8b16-95cc1762ba74,2023-10-21,4
68d1aa8d-7feb-4ea4-83f3-dec000cd10e3,2023-10-21,3
ee64bb73-a721-4a2c-b420-99250d6a2469,2023-10-21,2
61ebb911-83fa-47de-9385-f4e1d54bdc60,2023-10-21,3
6db56f22-b08d-459b-ab42-633d149f95b1,2023-10-21,4
8c41aece-d808-4e39-aaf9-585f3dcba3d9,2023-10-21,3
939fd26e-bde4-41d1-834e-d0ffc323cd42,2023-10-21,3
6cda75ee-aae1-4649-b868-776154e949dd,2023-10-21,4
9a348a8b-894d-4f7a-bb13-d54674f3fddf,2023-10-21,3
94d79fbc-31e6-46fa-b981-1e73e6c4bded,2023-10-21,3
8b7bc6a2-b483-4797-b967-92d69684ce1f,2023-10-21,1
8cf8b512-b69e-4fc0-aa28-2bf6e289fb79,2023-10-21,2
22e9c0d0-f8d3-4f7d-b1a3-807708cac55c,2023-10-21,4
e0687f83-d7c1-4bbd-bd80-c4c656212385,2023-10-21,3
453da454-f86d-4685-b81e-6f3e2fae40dd,2023-10-21,4
80761836-3791-4d88-a1dd-41772475b27b,2023-10-21,1
ba395d96-b0ea-46e9-b9ad-dc248ec4997a,2023-10-21,3
61d23966-22f5-432d-9266-4d1b270d37ba,2023-10-21,2
0105ec94-ec9e-40e8-863a-a5d13c78a7ce,2023-10-21,4
c74b8867-d14f-4fb8-9776-43993c82703d,2023-10-21,2
a931adf2-0827-4526-a502-b7736ffd8a1d,2023-10-21,4
4e2f1661-2aaa-41bf-b482-329bf06e35a1,2023-10-22,1
df559d82-ce63-48d1-b664-97872ab0fefa,2023-10-22,1
cb00bf09-dc01-4592-b322-0578b2cf8a8d,2023-10-22,2
e3178689-0a4b-4d18-8c0d-26923e94b1a2,2023-10-22,1
373a0a6b-7466-4c5d-a3db-adef0005cb08,2023-10-22,2
7e796a28-bd12-43ca-a5c3-3f919acc9f87,2023-10-22,1
9b783f1d-e336-451c-a4e9-76b493bf86d3,2023-10-22,4
f8d8a280-389a-470c-ade2-7c5340b0ee05,2023-10-22,4
6bffc083-b628-4886-8ab4-1b3e67439944,2023-10-22,1
3ebfff32-47b5-4a4b-9b49-4600a4ce3c11,2023-10-22,2
536637fe-e20c-468d-9ee9-848568e8e76e,2023-10-22,4
cc69b476-b0ab-4667-9275-857967792a1c,2023-10-22,2
a154ca7e-122a-4c67-8613-bbfcb252f27a,2023-10-22,3
24835425-381b-43d1-bb82-86fceaf53ce2,2023-10-22,3
4794e6c5-1d11-4550-a173-2b03ef509d77,2023-10-22,4
ade95789-8744-49e0-9d1c-1899950ea58a,2023-10-22,3
379c7ee6-3168-4678-9d78-8d9665304f62,2023-10-22,4
a406e5f4-1f56-4157-909c-c252854aa1c6,2023-10-22,4
67e46abd-ecd6-4f23-8e33-570155e0c553,2023-10-22,4
5843ca46-3e0a-4c20-959b-d84bbb04fa19,2023-10-22,1
53504fec-e980-4f32-a0d9-aca324eb140a,2023-10-22,1
d3ae2c1a-3089-4fd3-8a2b-61b4709b9fb4,2023-10-22,2
6e37e1ff-0b5a-4f95-bf29-4f98261ce6ea,2023-10-22,2
57dd70ef-f57e-4353-8295-c1bc98abf96e,2023-10-22,3
bed072a3-a816-4ee9-adac-6bcab3d9a762,2023-10-22,4
457c68a6-8fd9-4eda-a990-c91385e71b5e,2023-10-22,1
508f1b12-e401-4a19-919c-8af1e1f3eccd,2023-10-22,2
a302c30e-d1fa-40d0-a1a7-44298c66b2ef,2023-10-22,1
8a60b991-e222-4131-b4e9-63302b3a640a,2023-10-23,2
af0430ec-a559-482d-967f-63cf9959567d,2023-10-23,1
8ded2601-8b6e-4ffa-bf40-7dd843fc3dd0,2023-10-23,1
796bb32e-b627-4645-b644-a0ef5a5e72a2,2023-10-23,1
45937c42-f488-44da-94f7-e5ba4d08caa4,2023-10-23,1
5c0c5915-63f2-494c-8031-16c493da8663,2023-10-23,4
256ae478-0a0e-4a36-b6fa-fe5bbd0e2c48,2023-10-23,1
deb16ce3-15c4-4302-aeef-2605ddb2d994,2023-10-23,2
7397509b-d254-4812-96c3-942778b07187,2023-10-23,2
8b6fe8f8-8d56-4905-8676-0da78df81116,2023-10-24,4
f2041f13-75f3-4cc0-aa69-770780e86cc6,2023-10-24,2
0c803651-d60a-46db-8d75-f5fa669abff3,2023-10-24,2
b0172b64-a470-445d-8f43-f264d994adae,2023-10-24,4
beef3666-c636-4848-8f3d-04259275bf52,2023-10-24,3
547ff56c-7b23-44f2-973e-b2ce8dec8a12,2023-10-24,3
843bc888-7151-46c9-b024-2ccf88b824b0,2023-10-24,2
e8c6bddf-ec89-4bf2-b488-ac61fef4852e,2023-10-24,4
482ad52e-0bed-4853-8341-0987e43926b0,2023-10-24,1
d753caae-a3e8-415c-a5c1-064d6edc8000,2023-10-24,2
e32a8c48-8469-47fb-9601-f2e234eff445,2023-10-24,1
9d284641-9a6b-4c6d-9828-d813aa1279ae,2023-10-24,3
13384d5e-d61c-4bd3-9dfa-12b12d405955,2023-10-24,1
eeca8fbf-90d9-4c96-899d-4932c3207161,2023-10-24,4
6468ba10-aa7f-4493-abc6-fd9eeeba89a6,2023-10-24,4
3bc08f50-053c-4317-a56a-026763247396,2023-10-24,1
5a7d7194-0dea-4c14-a10f-f841b65a06a3,2023-10-24,1
3e0f089e-fa8f-4ec9-a03d-d1b9e619a601,2023-10-24,3
63825f97-bdb4-4c6c-b512-64259ac754a6,2023-10-24,2
03a7a832-eaa4-4a20-a760-fe583db7852b,2023-10-24,3
c29761b2-f122-458f-a3e8-25cf865084f1,2023-10-24,2
4a249646-6597-4572-aba4-d86e2bac28ea,2023-10-24,1
ef48db8c-5aa5-4a8f-a7b6-44de89a05973,2023-10-24,1
7d4277fe-b6ee-4446-886e-3bd27d19e93a,2023-10-24,4
c880facf-fa61-4b90-b900-9d501bf75f15,2023-10-24,3
2679daa6-87c2-4c77-ba02-6bbcd6704ac3,2023-10-24,3
512e7764-7018-4935-ad2e-645a4ded235a,2023-10-24,1
bc76db50-5a8c-4ae9-bc0d-63d9b59cddb8,2023-10-25,1
aeb5da7e-3370-4c66-9512-af1468cfb0bd,2023-10-25,3
50114f20-4ff4-4920-870a-2e0f9793e70c,2023-10-25,3
986bce2e-329a-48f0-a433-7d6ded5627b0,2023-10-25,4
a98339c1-461d-43ab-89e2-9054a0498098,2023-10-25,1
47846ff3-72e7-485c-b267-75a9346675ce,2023-10-25,3
45edfc02-2a93-4142-97c1-d9097e6eca0d,2023-10-25,3
cdc555a4-3f9a-4956-b841-76859c33f471,2023-10-25,1
eaaa1c5f-a853-4eda-a69a-b311ab14f189,2023-10-25,2
8e651618-dd3c-4a3b-b379-f00d09b5f8de,2023-10-25,3
ff0428ce-ee8f-4d7b-a8d0-001b804f4862,2023-10-25,1
f18c32f5-c928-4c45-b444-28c5f45863d5,2023-10-25,3
eb5b5ada-856d-4e83-b5aa-10641d6f1b3c,2023-10-25,3
67d5f21a-93fe-41d4-9385-468db93fe2e6,2023-10-25,2
959f1104-3531-426f-afc1-d80260320bff,2023-10-25,3
64c2d267-6b1c-428b-a5a6-69711ce56bda,2023-10-25,3
d0815342-7d09-46c0-88be-3f4f59b74a03,2023-10-25,4
ae673625-fff8-4ef6-a367-22e2d8fc6278,2023-10-25,2
ac61dcc2-8071-4305-9d11-cb74f0daedb9,2023-10-25,3
68b35549-2483-42fc-9a12-8c7e8de72b20,2023-10-25,2
4f45fe57-0c0c-4349-aa14-aa0a1e45c51a,2023-10-26,2
5dfb0932-ea0c-433c-92a0-d4b948f10e25,2023-10-26,1
df4c005c-e69d-459e-95a1-998f848a216a,2023-10-26,4
f475d005-6e2b-4b09-aaa9-ecdc3e927915,2023-10-26,3
0d21739c-97a1-4108-9d9a-b39f7a209f6b,2023-10-26,2
4d65a50b-1bd0-4e79-bcca-2d795415bab0,2023-10-26,3
ac37910b-a6aa-4bbf-897a-215bec0e946d,2023-10-26,2
44c84e15-c759-4173-9c61-7bea0d69f408,2023-10-26,1
75a391eb-71e1-43aa-ba84-f85218db72e4,2023-10-26,2
11b2929e-3bbe-4272-b06a-a5bca5bca27f,2023-10-26,4
ef11499a-061a-451b-8192-82319baa3e7b,2023-10-26,4
1e1720ee-9cff-4e4a-8d4d-2756b59dd179,2023-10-26,4
5ec6a160-9005-4ca3-82a3-59aafb7bc5e3,2023-10-26,2
e26aa8a6-fca8-4e93-83b2-fbff1a0ce0d4,2023-10-26,4
258241bd-6514-4599-896e-ecea2a60e556,2023-10-26,4
b1b2e6c1-e425-42e3-bd0b-322ecbb3db2c,2023-10-26,1
2ab5785a-1dfa-4092-ab58-1fb0211451e0,2023-10-26,2
0570716b-f8c0-44d3-b0d1-8d8ee375cc33,2023-10-26,4
dbcfeb24-3c67-459a-8a67-3e1f763b7f78,2023-10-26,3
77cdac62-3093-4738-9fa4-81834d90316f,2023-10-26,3
e092a45a-17cc-4075-9ed7-1638a54644e3,2023-10-26,2
99b76b7b-1e3a-4d75-8a41-65119673367d,2023-10-26,1
2adb06a7-f056-496e-b6b1-6d927b02060e,2023-10-26,4
5bad61ae-b6b5-4fe8-85bf-8eaa3e01c991,2023-10-26,1
92ae2e04-8e26-44b7-b052-66ae70cd6a6a,2023-10-26,4
ef53e8bd-d057-4d63-b531-229139b6f127,2023-10-26,3
6f674366-4330-4d21-8118-d423b5bade41,2023-10-26,1
3eef9a01-dfdd-4cf3-9bbb-a3c1d416ed70,2023-10-26,4
8eec7b46-109b-4590-bd7c-5aa1d3b1d1b3,2023-10-26,1
083fa4e1-be06-41dd-be01-7ece75384b53,2023-10-26,2
a65b0fde-63b5-4960-9486-e9df218ee70b,2023-10-27,3
5204d678-333e-4ee9-a9e4-30b5e1bfc5bf,2023-10-27,3
14f8e9a6-aecb-4222-a88b-bfc0866ba96d,2023-10-27,1
95382396-5183-4fc2-9e27-5fa505a3d339,2023-10-27,1
4bb854d7-404d-4ab2-87cf-2f5411839315,2023-10-27,4
63491f98-9f97-4e49-94b0-d8f4047141ed,2023-10-27,2
8699566e-fe97-4286-910f-52967af72af1,2023-10-27,4
6afd5628-95c3-436b-ad3e-445920d1b6bb,2023-10-27,1
1c8d0835-d0ed-49fd-953d-3a704681325a,2023-10-27,1
e7f99963-b6cb-442f-a606-5f60339c5110,2023-10-27,2
10fcb6fd-16ff-4fb5-ad88-16ffba577b33,2023-10-27,3
5c45c9a6-c649-49c3-b785-590837360719,2023-10-27,1
f0128500-683c-4b4c-a2a7-37d6f2014bd7,2023-10-27,3
a49e92c7-8b7e-4520-8b5c-bbea7d8e38bf,2023-10-27,2
966f4f27-bfbf-4e4b-b4eb-f8cd586b7465,2023-10-27,1
64fb62e6-9429-4d40-8a77-a11c2f90879e,2023-10-27,4
d0241835-d138-4407-8cdc-a05b965f70b3,2023-10-27,3
c9d7d9a5-bbd6-4dee-b4d1-ab3608668d77,2023-10-27,1
fe83a718-3bc5-430f-a8f7-1d8620a616b2,2023-10-27,2
ceea4702-0c31-46a0-adf3-74b32f03355b,2023-10-27,2
3ad80d26-3dc4-4c12-a8f7-03b2fe0a8fff,2023-10-27,3
00bd5131-ac5d-4732-b7e3-58e3ab83f4a0,2023-10-27,2
83abd9b7-4aeb-4cb3-af39-9031b7f63501,2023-10-27,1
9643026e-c698-4bbc-b2d0-7565bef59fc4,2023-10-27,4
1918072c-d0fe-4395-937d-bcc67cbc99a5,2023-10-27,3
a20ff603-a62c-437c-9698-ddffac84dd9e,2023-10-27,2
84b3c92a-1b70-452c-9dce-9425f6a83b91,2023-10-27,1
44de5cdf-b5d9-4202-94cd-96a0a38f0159,2023-10-27,4
7d7416a7-a38a-4078-8edd-c56f1be310c4,2023-10-27,2
7816b3d8-caac-438c-b4f6-c7c8425e0aa1,2023-10-28,4
8aefadde-421c-4275-ac63-12045f899b27,2023-10-28,2
269b2bc7-a984-4a8b-9ad5-0e0de2a5b665,2023-10-28,4
62a15345-04e7-48a7-891b-35f81f94bda1,2023-10-28,2
149ac4ea-83b8-46ef-bb1d-2e226148b17c,2023-10-28,1
de91136f-3e5f-4d54-8e67-eb8d06782b47,2023-10-28,1
6d00ad2b-20ff-4c2c-b10a-7e378041ccb0,2023-10-28,4
e4eeb5c5-8e72-4b95-bdcb-568bafd8a4ca,2023-10-28,1
486c305e-ee2b-406b-9e33-9395e7178251,2023-10-28,3
650e362c-2f72-4423-b716-91e8b342b597,2023-10-28,4
e231833e-dfb5-4320-9577-7819a75add1c,2023-10-28,4
1583e8c5-d7bb-4906-a800-9df8ca1aebee,2023-10-28,4
4e784654-945d-4779-b3f1-1ed4405b778c,2023-10-28,3
07ad0d4e-4221-4080-8670-22905b9489b9,2023-10-28,1
d403af43-16ca-479f-858e-0d351a05a00a,2023-10-28,1
25ab42aa-903d-441e-87af-2f65652129e2,2023-10-28,2
ed25b006-4e0f-4af8-8edc-5f358794a0a7,2023-10-28,4
8d95650f-ce35-4b71-b2d7-7d3b9e48d32d,2023-10-29,2
5b8293e9-ca03-455a-b933-1a0ac6d8c0b9,2023-10-29,3
9448c09f-24a0-4c49-9c59-6a73abaa4090,2023-10-29,3
5e3c087f-1e0e-43aa-83e3-e35087618dbb,2023-10-29,2
b004a2f8-10cd-4e4f-81e7-9750e9e64e99,2023-10-29,4
5336a6b9-57f3-49fe-87c6-23882635dc57,2023-10-29,4
dbce0c3b-18d1-458b-a24c-01fee1cf64b9,2023-10-29,4
53400db8-a8ca-4028-a2a5-44a9016f57a1,2023-10-29,2
39e5e38e-934b-4a3f-a41f-f95dc38b9478,2023-10-29,3
b04e5289-ccc3-4648-9c8b-27b1df4d7140,2023-10-29,2
7bc85d06-d3ad-4f7d-a4d3-63686b912ee1,2023-10-29,3
d075ab20-280b-4fc0-9beb-4be370728b79,2023-10-29,1
f566acf4-8f49-419c-8101-ba34c776c871,2023-10-29,2
51b04cfa-4703-4511-b59e-a0fc929c6e92,2023-10-29,2
a21cc04a-108d-43a6-9bdf-8554e2d2a8c6,2023-10-29,4
663964e0-9715-479a-b50c-3ae1bb9a2db6,2023-10-29,1
1572f806-22ea-493d-9475-0bedccf5d676,2023-10-29,4
33adb6cb-a99e-438c-81dd-8c26b76d2213,2023-10-29,4
46b5c2e4-b517-4f43-bb57-df8382b4e6d7,2023-10-30,2
31b63198-94c1-4739-8af4-2c1abba1c74f,2023-10-30,4
82d5ffea-ebd1-45c9-99be-df503be3bce0,2023-10-30,1
8bbb7c14-06d7-48df-b212-feccad481189,2023-10-30,2
db2abca7-d6fe-419a-8000-2555e16a9dea,2023-10-30,4
9858fdbd-0cf2-43fc-974e-ae21ba97f104,2023-10-30,1
7b40ba6c-d462-4643-b6a0-c8801144f741,2023-10-30,3
7d10a2db-efa3-4608-bd64-498825b630db,2023-10-30,1
c9ea9afd-ede5-4397-b80b-e4f28d15be26,2023-10-30,4
bcd4d644-f5d7-402b-ab2f-59eca117d347,2023-10-30,2
d6c953d3-2242-4c0a-a41c-6de8e51236d7,2023-10-30,2
51e984ca-da03-4fd6-9d08-11bea767d433,2023-10-30,3
cd7fabb1-9913-42b0-af77-9c9b15e1a1d8,2023-10-30,1
b26cd572-2295-4f29-b362-2ff61183b423,2023-10-30,3
303e3d6d-f56c-4655-8d9e-67736f516ef3,2023-10-30,2
5fdeadb9-fb74-4f7b-bf47-72a0a889c875,2023-10-30,3
c8b2389c-d1ca-4081-9087-1cf1e98a3543,2023-10-30,2
aab5eb2d-c351-4aec-8dad-0258d3df3d1e,2023-10-30,2
ab6537e6-b498-4149-b00b-49071cf03fda,2023-10-30,1
ea0aa33e-442a-49ac-81c8-d2b5691fcaba,2023-10-30,2
